{"cameraMode":{"drawMode":0,"name":"Shaded","section":"Shading Mode"},"sceneLighting":true,"audioPlay":false,"sceneViewState":{"m_AlwaysRefresh":false,"showFog":true,"showSkybox":true,"showFlares":true,"showImageEffects":true,"showParticleSystems":true,"showVisualEffectGraphs":true,"m_FxEnabled":true},"in2DMode":false,"pivot":{"x":-38.76101303100586,"y":3.138005256652832,"z":-2.395678758621216},"rotation":{"x":-0.1954636126756668,"y":-0.027361087501049043,"z":0.005453832447528839,"w":-0.9803003668785095},"size":10.291934967041016,"orthographic":false}