{"cameraMode":{"drawMode":0,"name":"Shaded","section":"Shading Mode"},"sceneLighting":true,"audioPlay":false,"sceneViewState":{"m_AlwaysRefresh":false,"showFog":true,"showSkybox":true,"showFlares":true,"showImageEffects":true,"showParticleSystems":true,"showVisualEffectGraphs":true,"m_FxEnabled":true},"in2DMode":false,"pivot":{"x":1.7272017002105713,"y":-4.925335884094238,"z":1.8778693675994874},"rotation":{"x":-0.28999581933021548,"y":-0.022393880411982538,"z":0.006789504084736109,"w":-0.9567236304283142},"size":22.89463233947754,"orthographic":false}