{"cameraMode":{"drawMode":0,"name":"Shaded","section":"Shading Mode"},"sceneLighting":true,"audioPlay":false,"sceneViewState":{"m_AlwaysRefresh":false,"showFog":true,"showSkybox":true,"showFlares":true,"showImageEffects":true,"showParticleSystems":true,"showVisualEffectGraphs":true,"m_FxEnabled":true},"in2DMode":false,"pivot":{"x":-3.822338104248047,"y":-2.027174711227417,"z":2.122528553009033},"rotation":{"x":-0.23504386842250825,"y":-0.01837150938808918,"z":0.004445068072527647,"w":-0.9717844128608704},"size":27.389976501464845,"orthographic":false}