{"cameraMode":{"drawMode":0,"name":"Shaded","section":"Shading Mode"},"sceneLighting":true,"audioPlay":false,"sceneViewState":{"m_AlwaysRefresh":false,"showFog":true,"showSkybox":true,"showFlares":true,"showImageEffects":true,"showParticleSystems":true,"showVisualEffectGraphs":true,"m_FxEnabled":true},"in2DMode":false,"pivot":{"x":-39.525596618652347,"y":3.9661717414855959,"z":3.116415023803711},"rotation":{"x":-0.08419786393642426,"y":0.017035020515322686,"z":-0.001445744652301073,"w":-0.9963042140007019},"size":5.0193562507629398,"orthographic":false}