{"cameraMode":{"drawMode":0,"name":"Shaded","section":"Shading Mode"},"sceneLighting":true,"audioPlay":false,"sceneViewState":{"m_AlwaysRefresh":false,"showFog":true,"showSkybox":true,"showFlares":true,"showImageEffects":true,"showParticleSystems":true,"showVisualEffectGraphs":true,"m_FxEnabled":true},"in2DMode":false,"pivot":{"x":-11.238103866577149,"y":0.47832998633384707,"z":15.554296493530274},"rotation":{"x":0.1719154417514801,"y":-0.021849635988473893,"z":0.0038378098979592325,"w":0.9848990440368652},"size":76.28984069824219,"orthographic":false}